,_id,acuity,arrival_time,duration
0,0,2,1.839955270712247,
1,1,1,6.800171045270262,
2,2,2,2.885610732100557,
3,3,3,2.9502714491003728,
4,4,1,7.184901998460666,
